latin	thaana
Hithadhoo	ހިތަދޫ
kulhudhuffushi	ކުޅުދުއްފުށި
Thinadhoo	ތިނަދޫ
Hinnavaru	ހިންނަވަރު
Naifaru	ނައިފަރު
Dhidhdhoo	ދިއްދޫ
Guraidhoo	ގުރައިދޫ
maradhoo	މަރަދޫ
Eydhafushi	އޭދަފުށި
Hoarafushi	ހޯރަފުށި
vilingili	ވިލިނގިލި
Meedhoo	މީދޫ
Gadhdhoo	ގައްދޫ
Ihavandhoo	އިހަވަންދޫ
Alifushi	އަލިފުށި
Maduvvari	މަޑުއްވަރި
Thulhaadhoo	ތުޅާދޫ
Thimarafushi	ތިމަރަފުށި
Kudahuvadhoo	ކުޑަހުވަދޫ
Velidhoo	ވެލިދޫ
Nilandhoo	ނިލަންދޫ
Maamigili	މާމިގިލި
Holhudhoo	ހޮޅުދޫ
Maamendhoo	މާމެންދޫ
Fonadhoo	ފޮނަދޫ
Kelaa	ކެލާ
Mahibadhoo	މަހިބަދޫ
Funadhoo	ފުނަދޫ
Komandoo	ކޮމަންޑޫ
nolhivaran	ނޮޅިވަރަން
Vilufushi	ވިލުފުށި
Kaashidhoo	ކާށިދޫ
Milandhoo	މިލަންދޫ
Kurendhoo	ކުރެންދޫ
Dhaandhoo	ދާންދޫ
Maavah	މާވަށް
Inguraidhoo	އިނގުރައިދޫ
Vaikaradhoo	ވައިކަރަދޫ
Baarah	ބާރަށް
Madaveli	މަޑަވެލި
maradhoo feydhoo	މަރަދޫފޭދޫ
Vaadhoo	ވާދޫ
Hanimaadhoo	ހަނިމާދޫ
Kolamaafushi	ކޮލަމާފުށި
Manadhoo	މަނަދޫ
mulah	މުލައް
Thoddoo	ތޮއްޑޫ
Makunudhoo	މަކުނުދޫ
Foakaidhoo	ފޯކައިދޫ
Dhiggaru	ދިއްގަރު
Hulhudhuffaaru	ހުޅުދުއްފާރު
Ungoofaaru	އުނގޫފާރު
Kolhufushi	ކޮޅުފުށި
Neykurendhoo	ނޭކުރެންދޫ
Dhuvaafaru	ކަނދޮޅުދޫ
Omadhoo	އޮމަދޫ
Hithaadhoo	ހިތާދޫ
Rathafandhoo	ރަތަފަންދޫ
Kinbidhoo	ކިނބިދޫ
Kumundhoo	ކުމުންދޫ
Fiyoaree	ފިޔޯރީ
Nolhivaranfaru	ނޮޅިވަރަންފަރު
Kanditheemu	ކަނޑިތީމު
bilehdhoo	ބިލެތްދޫ
Maafushi	މާފުށި
Dhevvadhoo	ދެއްވަދޫ
Dhiffushi	ދިއްފުށި
Madifushi	މަޑިފުށި
Maakurathu	މާކުރަތު
Isdhoo	އިސްދޫ
Goidhoo	ގޮއިދޫ
Miladhoo	މިލަދޫ
Gaafaru	ގާފަރު
Kendhoo	ކެންދޫ
Maalhos	މާޅޮސް
Veymandoo	ވޭމަންޑޫ
hoandedhdhoo	ހޯނޑެއްދޫ
Gemanafushi	ގެމަނަފުށި
Rasdhoo	ރަސްދޫ
Dharavandhoo	ދަރަވަންދޫ
Feydhoo	ފޭދޫ
Maafaru	މާފަރު
Filladhoo	ފިއްލަދޫ
Feeali	ފީއަލި
Hirilandhoo	ހިރިލަންދޫ
Maaungoodhoo	މާއުނގޫދޫ
Nellaidhoo	ނެއްލައިދޫ
Maabaidhoo	މާބައިދޫ
Thulusdhoo	ތުލުސްދޫ
Maaenboodhoo	މާއެނބޫދޫ
Fenfushi	ފެންފުށި
Feevah	ފީވައް
Dhanbidhoo	ދަނބިދޫ
Landhoo	ލަންދޫ
Magoodhoo	މަގޫދޫ
Maroshi	މަރޮށި
Rasgetheemu	ރަސްގެތީމު
Muli	މުލި
Thakandhoo	ތަކަންދޫ
hinmafushi	ހިންމަފުށި
Huraa	ހުރާ
Dhangethi	ދަނގެތި
Muraidhoo	މުރައިދޫ
Nadellaa	ނަޑެއްލާ
Utheemu	އުތީމު
Rasmaadhoo	ރަސްމާދޫ
Keyodhoo	ކެޔޮދޫ
Kalaidhoo	ކަލައިދޫ
Maarandhoo	މާރަންދޫ
Bandidhoo	ބަނޑިދޫ
Hulhudheli	ހުޅުދެލި
Lhohi	ޅޮހި
Naivaadhoo	ނައިވާދޫ
Ukulhas	އުކުޅަސް
Maalhendhoo	މާޅެންދޫ
dhiyamigili	ދިޔަމިގިލި
Kunahandhoo	ކުނަހަންދޫ
Kanduhulhudhoo	ކަނޑުހުޅުދޫ
Innamaadhoo	އިންނަމާދޫ
Vashafaru	ވަށަފަރު
Kudafari	ކުޑަފަރި
Gulhi	ގުޅި
Lhaimagu	ޅައިމަގު
Mathiveri	މަތިވެރި
Feridhoo	ފެރިދޫ
Bodufolhudhoo	ބޮޑުފޮޅުދޫ
Kurinbi	ކުރިނބި
Thuraakunu	ތުރާކުނު
hangnaameedhoo	ހަންޞާމީދޫ
Gaadhiffushi	ގާދިއްފުށި
Henbadhoo	ހެނބަދޫ
bilehfahi	ބިލެތްފަހި
Felidhoo	ފެލިދޫ
Dhigurah	ދިގުރަށް
Himandhoo	ހިމަންދޫ
Kandoodhoo	ކަނޑޫދޫ
Kandholhudhoo	ކަނދޮޅުދޫ
Kudarikilu	ކުޑަރިކިލު
Kunburudhoo	ކުނބުރުދޫ
Olhuvelifushi	އޮޅުވެލިފުށި
Narudhoo	ނަރުދޫ
buruni	ބުރުނި
dhonfan	ދޮންފަން
Naalaafushi	ނާލާފުށި
Malé	މާލެ
fodhdhoo	ފޮއްދޫ
uligan	އުލިގަން
Hirimaradhoo	ހިރިމަރަދޫ
Finey	ފިނޭ
Fulidhoo	ފުލިދޫ
Kinolhas	ކިނޮޅަސް
Kondey	ކޮނޑޭ
Angolhitheemu	އަނގޮޅިތީމު
Dharanboodhoo	ދަރަނބޫދޫ
Kamadhoo	ކަމަދޫ
molhadhoo	މޮޅަދޫ
Kihaadhoo	ކިހާދޫ
Noomaraa	ނޫމަރާ
Fainu	ފައިނު
Mandhoo	މަންދޫ
Rakeedhoo	ރަކީދޫ
Rinbudhoo	ރިނބުދޫ
Vandhoo	ވަންދޫ
Fulhadhoo	ފުޅަދޫ
Veyvah	ވޭވަށް
Fehendhoo	ފެހެންދޫ
Hulhumalé	ހުޅުމާލެ
raiymandhoo	ރަތްމަންދޫ
Mundoo	މުންޑޫ
Vaanee	ވާނީ
Giraavaru	ގިރާވަރު
Mulak	މުލަކު
Dhigali	ދިގަލި
Kalhuhuraa	ކަޅުހުރާ
Fuvahmulah	ފުވައްމުލައް
Hulhumeedhoo	ހުޅުމީދޫ
Thilafushi	ތިލަފުށި
Bathalaa	ބަތަލާ
Gan	ގަން
Villimalé	ވިލިމާލެ
Felivaru	ފެލިވަރު
Dhoonidhoo	ދޫނިދޫ
Kendhikulhudhoo	ކެނދިކުޅުދޫ
Kandinma	ކަނޑިންމަ
Villingili	ވިލިނގިލީ
Finolhu	ފިނޮޅު
Maduvvaree	މަޑުއްވަރީ
Randheli	ރަންދެލި
Hulhulé	ހުޅުލޭ
Kurolhi	ކުރޮޅި
Rasfari	ރަސްފަރި
Aarah	އާރަށް
Dhiddhoo	އޭދަފުށީގެ
Gaadhoo	ގާދޫ
Hibalhidhoo	ހިބަޅިދޫ
Himmafushi	ހިންމަފުށީ
Hulhudhoo	ހުޅުދޫ
Kudadhoo	ކުޑަދޫ
Madivaru	މަޑިވަރު
Madulu	މަޑުލު
Nolhivaram	ނޮޅިވަރަމް
Viligili	ވިލިނގިލި
Bandos	ބަނޑޮސް
Burunee	ބުރުނީ
Ellaidhoo	ނަމަ
Enboodhoo	އެނބޫދޫ
Fares-Maathodaa	ފަރެސްމާތޮޑާގެ
Farukolhu	ފަރުކޮޅު
Farumuli	ފަރުމުލި
Feydhoofinolhu	ފޭދޫފިނޮޅު
Girifushi	ގިރިފުށި
Hadahaa	ހަޑަހާ
Hanifaru	ހަނިފަރު
Himithi	ހިމިތި
Hirinaidhoo	ހިރިނައިދޫ
Innafushi	ބ
Kaaddoo	ތ
Kadévaaréhaa	ކަޑެވާރެހާ
Kani	ކަނި
Kothaifaru	ހެދި
Lankanfushi	ގިލި
Maabinhuraa	މާބިންހުރާ
Maandhoo	މާންދޫ
Olhuveli	އޮޅުވެލި
Rinbidhoo	ރިނބުދޫ
Uligamu	އުލިގަމު
Vakarufalhi	ވަކަރުފަޅި
