phoneme	orth	fili	count	share	total
ɪ	i	ި	1441	0.9883	1458
æ	a	ެ	527	0.7209	731
ɛ	e	ެ	644	0.9429	683
ə	e	ަ	521	0.8090	644
ə	a	ަ	362	0.6453	561
ə	o	ޮ	360	0.6606	545
ɒ	o	ޮ	444	0.8880	500
i	#y	ީ	342	0.8281	413
ɪ	e	ި	281	0.7893	356
ʌ	u	ަ	327	0.9820	333
aɪ:1	i	ަ	315	1.0000	315
aɪ:2	i	ި	315	1.0000	315
ə	^a	ެ	268	0.9853	272
æ	^a	ެ	231	0.9352	247
əʊ	o	ޯ	190	0.8017	237
eɪ	a	ޭ	214	0.9304	230
ɛ	^e	ެ	138	0.6216	222
ɑː	a	ާ	136	0.7953	171
ə	io	ަ	159	1.0000	159
ɪ	^e	ި	114	0.9500	120
ə	u	ަ	87	0.7699	113
ə	#a	ާ	83	0.9765	85
iː	e	ީ	68	0.8000	85
aʊ:1	ou	ަ	76	1.0000	76
aʊ:2	ou	ު	76	1.0000	76
iː	ea	ީ	73	0.9733	75
uː	oo	ޫ	68	0.9714	70
ɜː	e	ާ	51	0.7727	66
əʊ	#o	ޯ	63	0.9692	65
iː	ee	ީ	59	1.0000	59
ɪ	y	ި	48	0.8571	56
ɔː	o	ޯ	41	0.7455	55
ɑː	^a	ާ	51	0.9273	55
ɜː	u	ާ	43	0.8431	51
ə	i	ި	44	0.8980	49
ʌ	o	ަ	43	0.8958	48
uː	u	ޫ	47	0.9792	48
ɔː	au	ޯ	43	0.9773	44
ɔː	a	ޯ	41	0.9535	43
aʊ:1	o	ަ	39	0.9512	41
aʊ:2	o	ު	37	0.9024	41
iː	i	ީ	30	0.7500	40
ə	ou	ަ	34	0.9444	36
ɪ	a	ި	21	0.6000	35
ɔɪ:1	oi	ޮ	33	0.9706	34
ɔɪ:2	oi	ި	34	1.0000	34
ʊ	oo	ު	34	1.0000	34
ɛ	ea	ެ	33	1.0000	33
iː	ie	ީ	28	1.0000	28
aɪ:1	#y	ަ	28	1.0000	28
aɪ:2	#y	ި	28	1.0000	28
ɜː	i	ާ	26	0.9630	27
aɪ:1	y	ަ	26	1.0000	26
aɪ:2	y	ި	26	1.0000	26
ʊ	u	ު	20	0.7692	26
ɔː	^au	ޯ	13	0.5000	26
ɪ	ui	ި	22	1.0000	22
əʊ	oa	ޯ	20	1.0000	20
ɒ	a	ާ	7	0.3684	19
i	#ie	ީ	16	0.8421	19
eɪ	#ay	ޭ	18	1.0000	18
ə	ia	ަ	18	1.0000	18
ɔː	^a	ޯ	16	0.9412	17
iː	#ee	ީ	16	1.0000	16
ɪə:1	ia	ި	16	1.0000	16
ɪə:2	ia	ަ	15	0.9375	16
iː	^e	ީ	11	0.6875	16
i	#ey	ީ	12	0.8000	15
eɪ	^a	ޭ	11	0.7333	15
ɪə:1	ie	ި	15	1.0000	15
ɪə:2	ie	ަ	15	1.0000	15
eɪ	ai	ޭ	14	1.0000	14
i	#i	ި	12	0.8571	14
ʌ	ou	ަ	14	1.0000	14
ɔɪ:1	#oy	ޯ	8	0.6154	13
ɔɪ:2	#oy	ި	13	1.0000	13
eə:1	^ai	ެ	13	1.0000	13
eə:2	^ai	ަ	13	1.0000	13
ə	iou	ަ	13	1.0000	13
iː	^ea	ީ	13	1.0000	13
uː	ou	ޫ	9	0.9000	10
uː	e	ޫ	10	1.0000	10
ɜː	o	ާ	10	1.0000	10
ʌ	oo	ަ	9	0.9000	10
i	i	ި	7	0.7778	9
ɪə:1	#ia	ި	9	1.0000	9
ɪə:2	#ia	ާ	9	1.0000	9
ɪə:1	ea	ި	9	1.0000	9
ɪə:2	ea	ަ	9	1.0000	9
aɪ:1	ie	ަ	8	1.0000	8
aɪ:2	ie	ި	8	1.0000	8
ɪə:1	iou	ި	8	1.0000	8
ɪə:2	iou	ަ	8	1.0000	8
uː	ui	ޫ	8	1.0000	8
ə	ue	ެ	5	0.6250	8
eə:1	ai	ެ	8	1.0000	8
eə:2	ai	ަ	7	0.8750	8
ɜː	^ea	ާ	8	1.0000	8
uː	o	ޫ	7	1.0000	7
ɪə:1	ee	ި	7	1.0000	7
ɪə:2	ee	ަ	7	1.0000	7
iː	#y	ީ	6	0.8571	7
iː	ei	ީ	7	1.0000	7
aɪ:1	^eye	ަ	7	1.0000	7
aɪ:2	^eye	ި	7	1.0000	7
eɪ	ei	ޭ	6	1.0000	6
ʊə:1	ua	ު	6	1.0000	6
ʊə:2	ua	ަ	6	1.0000	6
əʊ	ou	ޯ	6	1.0000	6
eɪ	e	ޭ	5	0.8333	6
uː	^eu	ޫ	5	0.8333	6
uː	#ue	ޫ	5	1.0000	5
eɪ	^ai	ޭ	5	1.0000	5
uː	#oo	ޫ	5	1.0000	5
eə:1	ea	ެ	3	0.6000	5
eə:2	ea	ަ	5	1.0000	5
ɪ	ie	ީ	3	0.6000	5
ɪ	ai	ި	4	0.8000	5
ɪ	ia	ި	5	1.0000	5
eɪ	ay	ޭ	5	1.0000	5
ə	y	ި	3	0.7500	4
ɪə:1	e	ި	4	1.0000	4
ɪə:2	e	ަ	4	1.0000	4
eə:1	^ae	ެ	4	1.0000	4
eə:2	^ae	ި	4	1.0000	4
əʊ	#oe	ޯ	4	1.0000	4
ə	ie	ަ	4	1.0000	4
eɪ	ua	ޭ	4	1.0000	4
ə	ua	ާ	2	0.5000	4
ɪə:1	io	ި	4	1.0000	4
ɪə:2	io	ަ	2	0.5000	4
uː	#u	ޫ	4	1.0000	4
uː	ue	ޫ	4	1.0000	4
ɛ	ue	ެ	4	1.0000	4
ɜː	^e	ާ	4	1.0000	4
ɔː	oa	ޯ	3	1.0000	3
ə	#ia	ާ	3	1.0000	3
ə	eou	ަ	3	1.0000	3
ɑː	#a	ާ	3	1.0000	3
iː	oe	ީ	3	1.0000	3
iː	ae	ީ	2	0.6667	3
ɛ	^a	ެ	3	1.0000	3
ɜː	ou	ާ	2	0.6667	3
ɪə:1	iu	ި	3	1.0000	3
ɪə:2	iu	ަ	3	1.0000	3
ɒ	au	ޯ	3	1.0000	3
ɛ	ie	ެ	3	1.0000	3
ə	eo	ަ	3	1.0000	3
ɪ	u	ި	3	1.0000	3
eə:1	a	ެ	3	1.0000	3
eə:2	a	ި	1	0.3333	3
ɪ	ei	ި	2	0.6667	3
aɪ:1	#ie	ަ	3	1.0000	3
aɪ:2	#ie	ި	3	1.0000	3
aɪ:1	^ei	ަ	3	1.0000	3
aɪ:2	^ei	ި	3	1.0000	3
iː	^ae	ޭ	1	0.5000	2
aɪ:1	#i	ަ	2	1.0000	2
aɪ:2	#i	ި	2	1.0000	2
ə	eu	ަ	1	0.5000	2
eə:1	e	ި	1	0.5000	2
eə:2	e	ަ	2	1.0000	2
ɔ	a	ޯ	2	1.0000	2
æ	ua	ާ	1	0.5000	2
ɪ	ue	ަ	1	0.5000	2
ɔː	u	ަ	2	1.0000	2
ʊə:1	u	ު	2	1.0000	2
ʊə:2	u	ަ	2	1.0000	2
ɔ	^au	ޯ	1	0.5000	2
aɪ:1	ui	ަ	2	1.0000	2
aɪ:2	ui	ި	2	1.0000	2
ɒ	#a	ާ	2	1.0000	2
iː	#ie	ީ	2	1.0000	2
ɔɪ:1	oy	ޮ	2	1.0000	2
ɔɪ:2	oy	ި	2	1.0000	2
ɑː	ua	ާ	2	1.0000	2
ə	#ua	ާ	2	1.0000	2
i	#ee	ީ	2	1.0000	2
ʊə:1	ue	ި	1	0.5000	2
ʊə:2	ue	ު	1	0.5000	2
eɪ	#ey	ޭ	2	1.0000	2
ɔː	ou	ޯ	2	1.0000	2
ɑː	au	ާ	2	1.0000	2
ɒ	eo	ަ	2	1.0000	2
ɒ	^e	ާ	1	0.5000	2
ɜː	eu	ަ	1	0.5000	2
ə	au	ޯ	1	0.5000	2
ɔː	uo	ޮ	1	0.5000	2
ə	ea	ަ	2	1.0000	2
ɪə:1	eo	ި	2	1.0000	2
ɪə:2	eo	ޮ	2	1.0000	2
ə	^#a	ޭ	1	1.0000	1
eɪ	uai	ާ	1	1.0000	1
ɪ	ua	ެ	1	1.0000	1
ɪ	^ae	ެ	1	1.0000	1
aɪ:1	^ai	ަ	1	1.0000	1
aɪ:2	^ai	ި	1	1.0000	1
i	#ae	ީ	1	1.0000	1
ɒ	^a	ޯ	1	1.0000	1
ɔ	^a	ޯ	1	1.0000	1
ɪ	ay	ޭ	1	1.0000	1
ʊə:1	uou	ޫ	1	1.0000	1
ʊə:2	uou	ަ	1	1.0000	1
ɪ	ae	ެ	1	1.0000	1
ə	ae	ެ	1	1.0000	1
əʊ	^au	ޯ	1	1.0000	1
ɑː	^au	ާ	1	1.0000	1
ɒ	^au	ޮ	1	1.0000	1
aɪ:1	^#aye	ަ	1	1.0000	1
aɪ:2	^#aye	ި	1	1.0000	1
ɑː	#aa	ާ	1	1.0000	1
æ	ea	ެ	1	1.0000	1
ɑː	aa	ާ	1	1.0000	1
əʊ	eau	ޯ	1	1.0000	1
ɪə:1	i	ަ	1	1.0000	1
ɪə:2	i	ި	1	1.0000	1
ʊə:1	oe	ޯ	1	1.0000	1
ʊə:2	oe	ަ	1	1.0000	1
aɪ:1	#ai	ަ	1	1.0000	1
aɪ:2	#ai	ި	1	1.0000	1
ʊ	o	ޮ	1	1.0000	1
iː	#ae	ޭ	1	1.0000	1
əʊ	oo	ޯ	1	1.0000	1
aɪ:1	#ei	ަ	1	1.0000	1
aɪ:2	#ei	ި	1	1.0000	1
ɛ	u	ެ	1	1.0000	1
aɪ:1	#ye	ަ	1	1.0000	1
aɪ:2	#ye	ި	1	1.0000	1
aɪ:1	ai	ެ	1	1.0000	1
aɪ:2	ai	ި	1	1.0000	1
uː	#oe	ޫ	1	1.0000	1
ə	yo	ަ	1	1.0000	1
i	ie	ީ	1	1.0000	1
ɔ	au	ޯ	1	1.0000	1
ɪ	ey	ި	1	1.0000	1
əʊ	#eau	ޯ	1	1.0000	1
i	#ea	ީ	1	1.0000	1
aʊ:1	#iao	ަ	1	1.0000	1
aʊ:2	#iao	ޮ	1	1.0000	1
ɑː	e	ާ	1	1.0000	1
əʊ	#oa	ޯ	1	1.0000	1
ɪə:1	eu	ި	1	1.0000	1
ɪə:2	eu	ަ	1	1.0000	1
iː	#uy	ީ	1	1.0000	1
æ	#a	ާ	1	1.0000	1
iː	y	ީ	1	1.0000	1
ɔ	o	ޮ	1	1.0000	1
ɒ	ou	ަ	1	1.0000	1
ʊ	ou	ު	1	1.0000	1
ɪə:1	eou	ި	1	1.0000	1
ɪə:2	eou	ަ	1	1.0000	1
iː	#ey	ީ	1	1.0000	1
eɪ	ue	ޭ	1	1.0000	1
ə	ai	ަ	1	1.0000	1
ɜː	ea	ާ	1	1.0000	1
ʊə:1	ou	ު	1	1.0000	1
ʊə:2	ou	ަ	1	1.0000	1
aɪ:1	ia	ަ	1	1.0000	1
aɪ:2	ia	ި	1	1.0000	1
ɒ	#ue	ޮ	1	1.0000	1
iː	#i	ި	1	1.0000	1
uː	#o	ޫ	1	1.0000	1
ɔː	oo	ޯ	1	1.0000	1
ɪə:1	^ea	ި	1	1.0000	1
ɪə:2	^ea	ަ	1	1.0000	1
iː	^ee	ީ	1	1.0000	1
eɪ	^e	ޭ	1	1.0000	1
ɒ	e	ާ	1	1.0000	1
ɒ	ua	ަ	1	1.0000	1
ʊ	^eu	ޫ	1	1.0000	1
aɪ:1	^#eye	ަ	1	1.0000	1
aɪ:2	^#eye	ި	1	1.0000	1
iː	#ea	ީ	1	1.0000	1
eɪ	#ee	ީ	1	1.0000	1
i	#ay	ޭ	1	1.0000	1
ɛ	ei	ީ	1	1.0000	1
aɪ:1	ae	ަ	1	1.0000	1
aɪ:2	ae	ި	1	1.0000	1
ɛ	a	ެ	1	1.0000	1
uː	#ou	ޫ	1	1.0000	1
ə	iu	ަ	1	1.0000	1
iː	#e	ީ	1	1.0000	1
ɪ	ea	ި	1	1.0000	1
əʊ	uo	ޯ	1	1.0000	1
iː	ui	ީ	1	1.0000	1
